"URL","Title","Description","Region"
"http://www.afr.com/technology/stackla-raises-3-million-from-bailador-rampersand-and-tony-faure-20150907-gjgw9m","Stackla raises $3 million from Bailador, Rampersand and Tony Faure","Bailador poured $2.5 million into the company investment in Stackla, with the remainder of the round made up by earlier backers including startup agency and advisory Rampersand, and former ninemsn and Yahoo! Australia chief executive Tony Faure.","World wide"
"http://upstart.bizjournals.com/companies/media/2015/09/11/social-media-helps-fashion-week-economy-sew-up.html","Social media helps Fashion Week economy sew up $900M","That's according to findings from Stackla, a Sydney-based social marketing platform with offices in New York, London, and San Francisco that helps brands leverage customer-generated content. It has worked with various companies on Fashion Week events,&nbsp;...","World wide"
"http://venturebeat.com/2015/04/13/stackla-launches-in-u-s-with-a-hootsuite-integrated-social-curation-tool/","Stackla launches in US with a Hootsuite-integrated social-curation tool","Stackla, founded in Sydney, Australia three years ago, is now launching in the U.S. market, with new headquarters in San Francisco and an office in New York. The company, fueled by a seed round of $2 million from Australian investors, has also ...","World wide"
"http://www.brw.com.au/p/entrepreneurs/stackla_shows_years_just_turn_twitter_nEG849JTx3datiZVWYqkVM","Stackla shows how to turn Twitter chatter into $5 million in just two years","Damien Mahoney and his company Stackla have come up with a way of harvesting that social media chatter and turning it into something useful. Stackla's software scours social networking sites, collects all the tweets and posts relating to its clients ...","World wide"
"http://www.itpro.co.uk/databases/24557/labours-social-media-campaign-relies-on-stackla-and-mongodb","Labour's social media campaign relies on Stackla and MongoDB","Labour is hoping its social strategy will help propel it to victory in tomorrow's polls, after signing a deal with social content marketing platform Stackla last year to boost its social media profile. Barack Obama's former digital advisor, Matthew ...","World wide"
"http://vator.tv/news/2015-09-08-daily-funding-roundup-september-8-2015","Daily Funding Roundup","Social media marketing startup Stackla has secured a $3 million investment round, led by ASX-listed Bailador Technology Investments. Bailador poured $2.5 million into the company investment in Stackla, with the remainder of the round made up by earlier&nbsp;...","World wide"
"http://www.cmo.com.au/article/571607/stackla-hootsuite-partner-launch-new-social-media-integration/","Stackla and Hootsuite partner to launch new social media integration","Through the use of a new plugin, Hootsuite users can re-publish and repurpose tweets on any platform of their choosing, as though they were using Stackla's social content system. The integration also allows users to push content from Twitter into ...","World wide"
"http://www.theaustralian.com.au/business/in-depth/cracking-the-code-system-lets-down-nations-innovators/story-fnw66tov-1227519889661","Cracking the code: system lets down nation's innovators","Mr Faure  who is also the chair of Junkee Media, social marketing site Stackla and start-up incubator Pollenizer  said that, while he was encouraged by the number of Australians diving into entrepreneurship, a failure by the government to elevate&nbsp;...","World wide"
"http://www.afr.com/technology/aussie-startup-stackla-signs-key-partnership-deal-with-hootsuite-20150320-1m3ym2","Aussie start-up Stackla signs key partnership deal with Hootsuite","by Rose Powell. Australian start-up Stackla has signed a partnership deal with social media dashboard creator Hootsuite, which will put its product in front of the Canadian service's 10 million global users. The partnership is essentially a reseller ...","World wide"
"http://www.businessspectator.com.au/news/2015/4/1/technology/social-media-gets-simpler-stackla-hootsuite-collaboration","Social media gets simpler with Stackla, Hootsuite collaboration","This partnership places both Stackla and Hootsuite at the forefront of a new collaboration trend sweeping over the social media sector. We also expect this latest development to save both Stackla and Hootsuite customers time and resources when they ...","World wide"
"http://www.smh.com.au/it-pro/business-it/startup-stackla-shows-big-business-how-to-win-friends-and-influence-social-media-20141030-11ed1b.html","Start-up Stackla shows big business how to win friends and influence social media","Tech entrepreneurs have made billions creating social media sites and now a trio of Australians is hoping to cash in on the popularity of these creations after raising serious money to help clients make sense of the chatter across popular networks ...","World wide"
"http://www.smartcompany.com.au/leadership/45678-from-newcastle-rocker-to-silicon-valley-how-damien-mahoney-took-5-million-social-media-platform-stackla-to-the-us.html","From Newcastle rocker to Silicon Valley: How Damien Mahoney took $5 million ...","Stackla founder Damien Mahoney says there are plenty of crossovers between the life of a rock star and that of an entrepreneur. There is nothing much harder than getting up in front of an audience and playing music you've written, it requires a lot ...","World wide"
"http://mumbrella.com.au/publish-conference-returns-with-top-industry-names-set-to-tackle-the-burning-issues-315740","Publish conference returns with top industry names set to tackle the burning ...","Publish_LOGOnodates_FNL The Publish conference is to return in October with some of the biggest names in the industry set to debate big issues and share best practice in the print and online publishing sector. Among the issues being addressed are the&nbsp;...","World wide"
"http://www.breakingtravelnews.com/news/article/stackla-research-reveals-huge-online-opportunities-for-travel-organisations/","Stackla research reveals huge online opportunities for travel organisations","A new infographic from social content marketing platform Stackla has revealed clear opportunities for online travel companies this summer. Consumers' 2015 travel spend is on the increase; US travellers are expected to spend $65 million online on travel ...","World wide"
"http://www.brw.com.au/p/entrepreneurs/founders_digital_agency_quote_startup_1aPlUfpLS5IIgWg4ZZobJK","The $8k digital agency quote that became a $60k nightmare: Stackla's non-tech ...","They had built the first version of Stackla with their own funds and signed up some promising clients including SBS, the NRL and Brisbane Council but all of their early clients were sourced from within their own network. However the pair underestimated ...","World wide"
"http://www.forbes.com/sites/jlim/2014/08/04/stackla-a-startup-making-social-media-marketing-really-easy-for-big-brands/","Stackla, A Startup Making Social Media Marketing Really Easy For Big Brands","Social media has bombarded us with tweets, likes, snaps, shares, posts and selfies. With so much social content flying around, it can be challenging for a brand or organization to keep track of it all. Stackla is a company on a mission to solve this ...","World wide"
"http://www.breakingtravelnews.com/news/article/po-cruises-signs-with-stackla-for-social-wall-technology/","P&amp;O Cruises signs with Stackla for Social Wall technology","P&amp;O Cruises has announced it has partnered with Stackla - the social content aggregation, curation and publishing platform - as part of a move designed to showcase cruise holidays through the eyes of real travellers. P&amp;O Cruises has worked with Stackla ...","World wide"
"http://www.businessspectator.com.au/article/2014/7/31/technology/stackla-secret-social-success","The Stackla secret to social success","Social media start-up Stackla isn't exactly a household name in Australia but business has never been better for the Sydney-based company. Making money from social media isn't everyone's cup of tea but Stackla founders Damien Mahoney and Peter&nbsp;...","World wide"
"http://www.breakingtravelnews.com/focus/article/breaking-travel-news-interview-andy-mallinson-managing-director-uk-stackla/","Breaking Travel News interview: Andy Mallinson, managing director, UK, Stackla","Launched in 2012, Stackla allows brands to discover content from a host of social media platforms, using it to curate and tell a dynamic, ever-evolving story to their followers around the world. The social media marketing platform grew from its home in ...","World wide"
"http://www.theaustralian.com.au/business/stackla-kicks-another-goal-with-glasgow-partnership/story-e6frg8zx-1226999257117","Stackla kicks another goal with Glasgow partnership","Stackla is in the process of raising late-stage local seed funding of as much as $3 million to help back its expansion, with plans to triple the size of those offices this year. It has also launched a commercial add-on to its core product, which allows ...","World wide"
"http://internetretailing.net/2015/08/guest-comment-improving-retail-sales-via-real-life-stories/","GUEST COMMENT Improving retail sales via real life stories","For London Fashion Week in 2015, Stackla powered TopShop and Twitter's partnership to display real-time tweets across billboards in several high profile locations around the UK. Grabbing the attention of passers-by in such places like Oxford Circus,&nbsp;...","World wide"
"http://www.brw.com.au/p/tech-gadgets/twitter_gives_tick_partner_australian_EpVGKtyU9x2unmGLlJd3qK","Twitter gives tick to Australian start-up Stackla as technology partner","Twitter named just 20 technology partners from around the world and at least two are from Australia - the other is Melbourne-based iTrended. Co-founder and chief executive Damien Mahoney says Stackla offers a way to curate social media for publication,&nbsp;...","World wide"
"http://www.theaustralian.com.au/business/media/twitter-singles-out-aussie-start-up-stackla/story-e6frg996-1226768616224","Twitter singles out Aussie start-up","Now Stackla, which has 12 employees and says it has been operating in the black for six months, is looking for investors to help it open offices in the US and Britain. The technology, which aggregates social content from sites including Facebook ...","World wide"
"http://www.adweek.com/socialtimes/travel-user-generated-content-a-goldmine-hiding-in-plain-sight-infographic/623195","Travel User Generated Content: A Goldmine Hiding in Plain Sight (Infographic)","It's that user generated content that can help brands really connect with fans and customers, Stackla points out in an infographic. More and more travelers are spending money on mobile, booking tickets and splurging on upgrades. They also use social ...","World wide"
"http://wwwhatsnew.com/2015/04/13/stackla-llega-a-estados-unidos-y-lanza-plugin-para-hootsuite/","Stackla, plataforma de marketing de contenidos sociales, llega a Estados Unidos y lanza plugin para Hootsuite","La plataforma de marketing de contenidos sociales Stackla, lanzada en el ao 2012 en Sydney, Australia, pone rumbo a tierras estadounidenses para ofrecer all tambin sus servicios, abriendo nueva sede en San Francisco y oficina en la ciudad de Nueva&nbsp;...","World wide"
"http://www.travelpulse.com/news/travel-technology/infographic-highlights-importance-of-digital-travel-marketplace.html","Infographic Highlights Importance of Digital Travel Marketplace","A recent infographic by Stackla, a content marketing platform, details just how important the digital world and social media are in the travel industry. According to the infographic, which cites various major sources, consumers are expected to spend ...","World wide"
"http://www.cmo.com.au/article/573870/faster-fashion-new-e-commerce-technology/","Faster fashion with new e-commerce technology","Stackla co-founder and chief product officer, Pete Cassidy, said the power of the technology lies in creating a direct link from a product featured in user-generated content, to the purchase process. While Stackla has done this broadly in the past, the ...","World wide"
"http://www.retailgazette.co.uk/blog/2015/07/your-customers-are-your-secret-marketing-weapon","Your customers are your secret marketing weapon","Using Stackla's platform, the billboards showcased relevant Topshop items that complemented the emerging trends, encouraging shoppers to take a step inside a store, and seek them out. Topshop also offered users a personalised service in a bid to ...","World wide"
"http://www.prolificnorth.co.uk/2015/01/sunderland-looks-to-improve-fan-engagement-with-social-media-hub/","Sunderland looks to improve fan engagement with social media hub","Sunderland AFC has launched a social media hub as the club seeks to improve its online engagement with supporters. The Black Cats' partnership with Stackla, a social content aggregation, curation and publishing platform, means that all content from the&nbsp;...","World wide"
"http://blog.creamglobal.com/right_brain_left_brain/2015/07/theres-more-to-travel-user-generated-content-than-meets-the-eye.html","There's more to travel user-generated content than meets the eye","In fact, a new infographic released this week from Stackla [see more below] highlighted that, as of June 2015, more than 47 million #travel photos have been posted to Instagram alone. The good news for brands is that 40% of millennials rely ...","World wide"
"http://www.tnooz.com/article/user-generated-content-still-powerful-in-travel-marketing-infographic/","User-generated content still powerful in travel marketing [INFOGRAPHIC]","Content marketing platform Stackla has pulled together an infographic that highlights how important user-generated content remains in travel marketing. The platform, which of course believes strongly in content marketing since that its product, points ...","World wide"
"http://www.brw.com.au/p/leadership/why_back_joyce_over_borghetti_celebrity_HvxfeAZ4drCHT3yAkpLCeP","Why I'd back Joyce over Borghetti in battle of the airlines' celebrity CEOs","Dealing with the restrictions of the Qantas Sales Act are just one reason Alan Joyce deserves a few less media brickbats and more of the bouquest afforded his competitor, Virgin CEO John Borghetti. Like Hollywood actors, CEOs have reputations often&nbsp;...","World wide"
"http://www.brw.com.au/p/entrepreneurs/iinet_founder_michael_malone_sad_3981ZPbYIQ9bQuERluGZyI","iiNet founder Michael Malone 'sad' but resigned to TPG takeover","Michael Malone and his mother (left) at the shareholder meeting on the TPG takeover. Photo: Philip Gostelow. In the end, it was an offer too good to refuse for iiNet founder Michael Malone. On Monday he joined the vast majority of other shareholders in&nbsp;...","World wide"
"http://www.brw.com.au/p/marketing/digital_disruption_spells_marketing_KsvQS45G3Yu8lMyh1LkKnK","Digital disruption spells end for The Good Guys' 'pay cash' marketing push","The success of e-commerce means The Good Guys can be more selective about store placement. Appliances retailer The Good Guys is dropping its pay cash and we'll slash the prices promise from its catchy television ads, underlining the impact of&nbsp;...","World wide"
"http://www.brw.com.au/p/leadership/why_rich_lister_carolyn_creswell_sV8sRJtwIdN2JBBFhsAliO","Why Rich Lister Carolyn Creswell turned up to the launch of a food truck","For BRW Rich Lister Carolyn Creswell, helping launch the Food Justice Truck in Melbourne on Wednesday combined two causes she is passionate about: food and the plight of asylum seekers. The Food Justice Truck is an initiative of the Asylum Seeker&nbsp;...","World wide"
"http://mobilemarketingwatch.com/the-ultimate-travel-marketing-powerhouse-user-generated-content-51051/","The Ultimate Travel Marketing Powerhouse? User Generated Content","The Ultimate Trvael Marketing Powerhouse User Generated Content According to the folks at content marketing platform Stackla, user generated content remains a powerful tool for travel marketing. Stackla, a social content marketing platform that aims to ...","World wide"
"http://www.brw.com.au/p/entrepreneurs/no_salespeople_no_problem_for_atlassian_hm6Q01fv6MQnA63VkSh1JN","No salespeople, no problem for Atlassian","Part of an entrepreneur's job is to change the world in some way. You don't do that by adopting someone else's world view. Atlassian co-founder Mike Cannon-Brookes (right), pictured here with co-founder Scott Farquhar. Everyone who knows anything&nbsp;...","World wide"
"http://www.brw.com.au/p/entrepreneurs/ways_startup_founders_can_position_4R1mERbWCALlnro4xNShSJ","8 ways startup founders can position themselves for a Big Four buyout","The Big Four are in the market for startup acquisitions, but founders can't expect a windfall. Image: Peter Riches. Professional services giants PricewaterhouseCoopers, Deloitte, Ernst&amp;Young and KPMG have become some of the most active collectors of&nbsp;...","World wide"
"http://www.brw.com.au/p/entrepreneurs/the_wrong_things_every_startup_gets_EEWGX9AqPGstgLOFq0fPVI","The 3 wrong things every startup gets told","As a co-CEO of a company that's in three major startup business systems (Melbourne, San Francisco, India), I've seen a lot of different trends in the industry over the last five years. With economic conditions getting better recently, entrepreneurship ...","World wide"
"http://www.brw.com.au/p/entrepreneurs/mark_carnegie_backed_entrepreneur_AvNEdKVx8X8xW4mfKPd28O","Mark Carnegie-backed entrepreneur's quest to sell jewellery online","Ice baby: at 26, Nick Molnar has launched two successful start-ups including Mark Carnegie-backed jewellery etailer, iceonline.com.au. As the founder of two online businesses at just 26, Nick Molnar says he is a lucky man. There have certainly been ...","World wide"
"http://www.salon.com/2015/03/29/jon_ronson_on_social_media_witch_hunts_were_the_merciless_ones/","Jon Ronson on social media witch hunts: We're the merciless ones!","Jon Ronson's new book So You've Been Publicly Shamed, is a departure of sorts for the bestselling humorist/journalist. Instead of interviewing paranoid extremists (Them) or bizarre military researchers (The Men Who Stare at Goats) or convicted&nbsp;...","World wide"
"http://www.brw.com.au/p/business/talking_streaming_talks_tough_musicians_0OLGUjm8a8iYpOyc7rn1gI","Talking Head talks tough: musicians rebel over 3-cent cheques and 'black box ...","The black box of hidden transactions in the music business, while maybe not illegal, is a recipe for chicanery, says Talking Heads frontman David Byrne. Musicians are known for speaking out on issues like human rights, politics and the environment.","World wide"
"http://www.brw.com.au/p/business/lidl_likely_to_join_aldi_in_disrupting_pYbaraj60ZO5w5OMwN8I0H","Lidl likely to join Aldi in disrupting Australian supermarket duopoly","Cut price German retailer Lidl has sought the ear of the Victorian state government in a move that is likely to be read as further proof of its serious interest in the Australian market. It's understood the discount retailer has met with the state ...","World wide"
"http://www.brw.com.au/p/tech-gadgets/lessons_for_startups_from_the_demise_VQoY6Qeb72LcS8AJtdmThJ","4 lessons for startups from the demise of Zirtual","It's not just Hutchison Ports in to downsizing by digital means. Zirtual CEO Maren Kate Donovan sacked her 400 workers in a midnight email. In October 2014, Wall Street Journal wrote about how, in strong startup markets such as San Francisco, as ...","World wide"
"http://www.brw.com.au/p/entrepreneurs/big_change_from_yoghurt_five_distillery_RMvACbrNKC5TaSHGU8YCjP","'A big change from yoghurt': five:am founder David Prior buys distillery","A year after selling his start up five:am yoghurt business for $80 million, Australian entrepreneur David Prior is following a passion for his next venture - buying a whisky distillery in Scotland. Mr Prior reaped $80m from his sale of five:am to ...","World wide"
"http://www.itproportal.com/2015/07/20/cloud-function-flexibility-big-data-strategy-powering-social-media-campaigns/","Cloud, function and flexibility: The big data strategy powering social media ...","I'm CTO of a company called Stackla, a social platform that aggregates, analyses and curates social media content. In this article I want to look at how the technology decisions our company made are enabling us help some of the biggest organisations in ...","World wide"
"http://www.brw.com.au/p/business/former_qantas_and_virgin_rivals_VrmqOkuXQgNNVv7x1aTVLP","Former Qantas and Virgin rivals walk together in new venture","A past chapter of Australia's aviation war has come full circle, with former Qantas boss Geoff Dixon going into business with his rival of old, former Virgin chief Brett Godfrey, in a bid to boost walking tourism. The pair have come together in the ...","World wide"
"http://www.brw.com.au/p/business/renata_cooper_funds_forming_circles_bsEu68Yc7zcgoB3nlnK8mO","Renata Cooper funds Forming Circles for angel investment","Renata Cooper wants Forming Circles to be an investment and mentoring platform. Photo: Dominic Lorrimer. Angel investor Renata Cooper is creating a fund under the banner of Forming Circles Global, with an aim to invest half a million dollars over three&nbsp;...","World wide"
"http://www.brw.com.au/p/tech-gadgets/how_steve_jobs_last_advice_to_larry_8vn9B5VlkyjGQDEGtBCB6L","How Steve Jobs' last advice to Larry Page inspired Alphabet","Apple founder Steve Jobs' last advice to Google co-founder Larry Page was that he was doing too much. Before Apple's Steve Jobs died in 2011, he told Google cofounder and CEO Larry Page that his company was trying to do too much. As Page later told&nbsp;...","World wide"
"http://www.brw.com.au/p/leadership/them_you_can_only_afford_team_here_E1shjSxOS6w029qMpqNDiL","So you can only afford a 'B' team. Here's how to manage them to greatness.","Happier teams for Greece, as its team of second-stringers lift the trophy at the 2004 European Football Championships. In 2004, Greece surprised the world by winning the European Championship, the toughest tournament in international soccer. Despite&nbsp;...","World wide"
"http://www.brw.com.au/p/business/former_woolies_anyway_because_dahlsen_GWQMW6S0b4rFuHDHHTQt2L","Former Woolies chair John Dahlsen's attack on Bunnings is personal: 'I had to ...","[Bunnings' dominance]is a terrible problem. You can argue in the short term the customer is gaining from what's happening but in the long term they may not, says former Woolworths chairman John Dahlsen. Former Woolworths chairman John Dahlsen has&nbsp;...","World wide"
"http://www.brw.com.au/p/tech-gadgets/what_uber_could_learn_from_airbnb_TraQEdtBQ5D6CKPJ3oYMtL","What Uber could learn from Airbnb","Recently, the home-sharing service Airbnb had more than 40,000 listings in Paris, making the French capital the company's most popular destination for travelers looking to rent a room or an entire apartment. Paris officials hail it for bringing ...","World wide"
"http://www.brw.com.au/p/business/proposal_caps_retail_investment_tAHoReCP9ZrEykHLjtP16M","Proposal caps retail investment in equity crowdfunding","Investors who want to take stakes in unlisted public companies through crowdfunding would only be able to invest a maximum of $25,000 in one year under a proposal contained in the federal government's new consultation paper. Under the proposed&nbsp;...","World wide"
"http://www.brw.com.au/p/business/james_forum_brand_toole_chris_global_m38BnZRw6tV44X3wXFewvN","CEO Forum brand to go global after US giant buys out Chris Cheatley and James ...","US business advisory giant CEB has acquired local C-suite networking group, The CEO Forum, for $13 million. It is a tidy exit for entrepreneurs Chris Cheatley and James O'Toole, who started the company in 1989, and built it up into an $8 million-a-year&nbsp;...","World wide"
"http://www.brw.com.au/p/entrepreneurs/the_startups_picked_to_restart_perth_nlsl839G3RsolQBEY6KIAP","The startups picked to restart Perth","Perth needs a post-boom pick-me-up, and KPMG hopes to provide one in the form of eight start-ups, handpicked as potential partners by the likes of BHP Billiton and Woodside, converging on the city for an accelerator program advised by Silicon Valley&nbsp;...","World wide"
"http://www.brw.com.au/p/entrepreneurs/nathan_tinkler_struggle_to_get_back_78KJkfG2mro7GyNUmbEYZL","Nathan Tinkler's struggle to get back into mining","It's been a tough couple of years for Nathan Tinkler, pictured here leaving an ICAC hearing in May 2014. Photo: Nic Walker. As if having a warrant out for his arrest after a court no-show on Monday wasn't bad enough for Nathan Tinkler. The former ...","World wide"
"http://www.brw.com.au/p/tech-gadgets/their_blocking_software_makers_near_1NmwWSEJo2KBgmMAOY6HLK","Ad blocking software makers near 200 million users and have mobile ads on ...","AdBlock has courted controversy by allowing some advertisers to bypass the blocking software and regain access to users  for a fee. Guillermo Beltr spends a lot of time surfing the web. Yet like many avid Internet users, Mr. Beltr hates the ...","World wide"
"http://www.brw.com.au/p/leadership/buzz_off_even_on_vibrate_your_phone_oaBBjU7r4WB8n6UOEnyZUK","Buzz off: even on vibrate, your phone is distracting you","By now we know that we're (mostly) not supposed to multitask - that we can't do two things at once very well and that it takes us a while to refocus when we switch from one task to another. This is why we put our phones screen-side down and slightly ...","World wide"
"http://www.brw.com.au/p/entrepreneurs/rich_lister_jack_cowin_mulls_buying_qFitn1WOjNDd1EF9cWyofO","Rich Lister Jack Cowin mulls buying beef assets","Rich Lister Jack Cowin says he is in the value-added meat business. Photo: Sasha Woolley. Fast food king Jack Cowin is reviewing whether to invest in agriculture in a bid to secure supply for his Hungry Jack's burger chain, as a number of Australia's ...","World wide"
"http://www.brw.com.au/p/entrepreneurs/alphatise_is_back_after_costing_YOJqxOxbQrC414FoZ5jRQK","Alphatise is back, after costing original investors everything","A high-profile group buying start-up that endured a rapid and spectacular collapse has been resurrected after buying its assets out of administration and launching a new company. Alphatise went into administration, managed by Deloitte Touche Tohmatsu,&nbsp;...","World wide"
"http://www.brw.com.au/p/marketing/programmatic_advertising_to_become_ZEF23pA0vvA95rkOy5MngM","Programmatic advertising to become more premium","Amerian Express plans to buy all its digital advertising programmatically in the next 18 months. Image: Quentin Jones. A takeover of the $US600 billion ($813 billion) global media advertising sector by machines through programmatic trading exchanges ...","World wide"
"http://www.brw.com.au/p/business/how_surveymonkey_goldberg_coping_MCL9KYksKSjbnbe4WEDD9N","How Surveymonkey is coping after the death of CEO Dave Goldberg","There is a way to take a loss and make it into strength: learn how SurveyMonkey is adapting in the wake of CEO Dave Goldberg's sudden death. On the first day back to work after the death of Dave Goldberg, the chief executive of SurveyMonkey ...","World wide"
"http://www.brw.com.au/p/business/tech_entrepreneurs_cheer_queensland_fWozOGJe1pyij4YWaILLVI","Tech entrepreneurs cheer Queensland startup spending and coding in schools","I don't want Queensland to merely be a part of the pack, I want us to lead it, says Premier Annastacia Palaszczuk. Photo: Paul Harris. Queensland tech entrepreneurs have cautiously welcomed a $76 million injection into the state's startup sector in ...","World wide"
"http://www.brw.com.au/p/entrepreneurs/pureprofile_raises_for_pre_ipo_acquisition_bP6Wd2BPmc2GyhcYRVGMyO","PureProfile raises $12m for pre-IPO acquisition of Sparc","Online surveys and market research company PureProfile will use a $12 million capital raising to diversify, buying media trading group Sparc and opening an office in New Zealand. The 15-year-old technology company closed its share sale last week ahead&nbsp;...","World wide"
"http://www.startupsmart.com.au/growth/stackla-piles-up-the-goodwill-among-investors/2015090815467.html","Stackla piles up the goodwill among investors","It will allow the company to deliver upon an aggressive product roadmap that places Stackla at the leading edge of digital marketing technology. Stackla is a social marketing platform that aggregates user-generated content from social networking ...","New York, New York cityNdx: 0"
"http://www.salon.com/2015/04/22/you_are_on_247_the_promise_and_peril_of_campaigning_in_the_age_of_social_media/","You are on 24/7: The promise  and peril  of campaigning in the age of ...","Indeed, as is shown by Controlling the Message: New Media in American Political Campaigns, a new edited collection from the University of Texas at Arlington's Victoria Farrar-Myers and Boise State University's Justin Vaughn, social media has already&nbsp;...","New York, New York cityNdx: 0"
"http://www.latimes.com/opinion/op-ed/la-oe-0115-zuckerman-secular-parenting-20150115-story.html","How secular family values stack up","More children are growing up godless than at any other time in our nation's history. They are the offspring of an expanding secular population that includes a relatively new and burgeoning category of Americans called the Nones, so nicknamed ...","New York, New York cityNdx: 0"
"http://adage.com/article/global-news/fashion-brands-digital-london-fashion-week/297241/","Fashion Brands Go Digital at London Fashion Week","In another London Fashion Week move, U.K. retailer River Island has teamed up with Google and Mindshare to create a virtual reality experience for the launch of its new collection. River Island will hand out Google Cardboard headsets to everyone who ...","New York, New York cityNdx: 0"
"http://creativity-online.com/work/topshop-twitter-partnership-london-fashion-week/39009","Topshop Takes Fashion Trends From Twitter to Billboard for London Fashion Week","For London Fashion Week, the ever-innovative retailer Topshop is using digital billboards to display hashtags of real-time trends as they appear on the runway. Six billboards, produced by social marketing platform Stackla and provided by Ocean ...","New York, New York cityNdx: 0"
"http://tech.co/hootsuite-social-aggregation-fliptu-raises-1-2m-funding-2015-04","Hootsuite of Social Aggregation Fliptu, Raises $1.2M in Funding","Social aggregation and visualization platform startup, Fliptu, announced that they have raised $1.2 million in seed funding. The round is lead by Scout Ventures and includes Rick Dalzell, amongst several other angels. The funding will enable the ...","New York, New York cityNdx: 0"
"http://www.brw.com.au/p/business/write_large_cheque_atlassian_proposal_RQbdA6HjQ13D1CjW2hXKxI","'I'd write a large cheque': Atlassian's proposal to save the Australian ...","There is symbolic power in having some sort of physical location in Sydney like New York has Roosevelt Island or London has Shoreditch, as a physical manifestation of the city's commitment to the technology industry, Mr Cannon-Brookes said. What we ...","New York, New York cityNdx: 0"
"http://www.brw.com.au/p/entrepreneurs/backer_eddie_failed_alphatise_founder_2YBp9932R075zNbkKn5p1I","Backer of failed Alphatise founder inspired by Nathan Tinkler supporter Eddie ...","He goes on to quote Eddie Sugar, the New York-based financier who was one of the few willing to back Andrew Forrest in the early days of Fortescue Metals Group, shortly after his reputation had been damaged by the disastrous Anaconda Nickel project.","New York, New York cityNdx: 0"
"http://www.brw.com.au/p/entrepreneurs/branson_recognition_fuels_aussie_jP3wFna0eJW2pCIGYc6MNI","Branson recognition fuels Aussie duo's Twitter rival Ideapod","It has also been endorsed by New York-based performance artist Marina Abramovic, but it was positive public messages from Virgin Group founder Richard Branson that has given the venture cause for hope about broader adoption by business users.","New York, New York cityNdx: 0"
"http://www.brw.com.au/p/entrepreneurs/gifting_launching_months_pregnant_iRFKLUZRSz9XbvJ32kBrYI","'I took six months to tell investors': Sarah Hamilton on falling pregnant ...","Emily settled in Singapore and started businesses in the mobile entertainment field and Sarah went to New York, where she was general manager of SpinMedia, a music media company. My background was in numbers and general management in really&nbsp;...","New York, New York cityNdx: 0"
"http://www.brw.com.au/p/entrepreneurs/dreams_the_craft_gin_boom_distilled_J6aBOd1BSNQ9p2cbbCmC0J","How the craft gin boom distilled the Archie Rose founder's dreams","For me it was a combination of being a bit dissatisfied with the intangibility of the work in consulting and seeing urban distilleries set up in New York and also London and looking back to Sydney where there weren't any that triggered a desire in me ...","New York, New York cityNdx: 0"
"http://www.brw.com.au/p/lists/rich-200/2015/down_but_gina_rinehart_remains_richest_fZ3yjmEP9pHo9KbKKqWEGN","Down $6b but Gina Rinehart remains richest Australian in BRW Rich 200","The other new billionaire is Judith Neilson, who is separated from husband and Platinum Asset Management founder Kerr Neilson. Her shares in Platinum, which she owns in her own right, comprise the bulk of her $1.55 billion wealth. Baldock, Burt and&nbsp;...","New York, New York cityNdx: 0"
"http://mobilemarketingmagazine.com/mma-new-york-2015","Tickets now Available for MMA New York Forum 2015","Tickets are now available for the 2015 MMA New York Forum, which is running 17-18 March in New York, and focuses on acquiring, reaching and engaging the right consumers with mobile. Leveraging the uniqueness of mobile, the 2015 MMA NY Forum will&nbsp;...","New York, New York cityNdx: 0"
"http://www.brw.com.au/p/business/why_gelato_messina_isn_growing_quickly_9IzuHDJfTba8N5lMRYnHzJ","Why Gelato Messina isn't growing quickly","The ice creamery's footprint is still expanding, with the current 10 shopfronts set to become 13 with a new store in Melbourne and two in Sydney by the end of the year, but the foot has come off the pedal, confirms co-founder Declan Lee. We got back ...","New York, New York cityNdx: 0"
"http://www.brw.com.au/p/business/deepak_chopra_comes_backdoor_marketplace_aG33AsTTyjO6DMxTc9lRMJ","Deepak Chopra comes to the ASX: he's among backers of backdoor-listed AHALife ...","Private equiteer Mike Hill, known to strike a hard bargain as a partner at Ironbridge Capital, has no qualms paying $37 million for a loss-making New-York-based digital marketplace with less than $4 million in sales. Shareholders of INT, a former IT ...","New York, New York cityNdx: 0"
"http://www.brw.com.au/p/marketing/social_media_influencers_turning_oZPCWgblzsRSawDlk8R68N","Social media influencers turning brands down more often","John Osborn, the president and chief executive of BBDO New York, said hiring Krugman reflected the industry's growing interest in social advertising. Social isn't just an add-on anymore, he said. Social is really core to all ideas, and the way to ...","New York, New York cityNdx: 0"
"http://www.brw.com.au/p/tech-gadgets/the_plan_to_give_redditors_share_x1HMK7IDNagwu9KHZH8oAJ","The plan to give 'Redditors' a share of profits","Though Reddit's aggressively ugly sections often make headlines, they aren't the only problems the new chief executive will face; indeed, as defenders often insist, most of the site's vilest posts are stuffed in faraway corners of the site, hidden from ...","New York, New York cityNdx: 0"
"http://www.brw.com.au/p/tech-gadgets/reddit_founder_and_returning_ceo_aVYGRJkjysB3j6CCfVgtiK","Reddit's founder and returning CEO outlines his post-revolt plans","As the new chief executive of Reddit, the hugely popular online message board, Mr. Huffman is set to face intense scrutiny from the site's users over even the tiniest management decision. And he has inherited ill will that has festered for years ...","New York, New York cityNdx: 0"
"http://www.brw.com.au/p/leadership/uber_contractors_tell_drivers_what_0Qaw7qSZALXIxkXT65NqcK","'Uber can't tell drivers what to do': the case for employees over contractors","And at Enjoy, which began operating in San Francisco and New York this spring, delivery experts are paid either a full-time or part-time salary, not a per-customer fee. Johnson declined to specify the salary, but he said that it was above what workers ...","New York, New York cityNdx: 0"
"http://techcrunch.com/2014/10/29/curioos-grabs-1-9-million-to-build-the-definitive-marketplace-for-digital-art/","Curioos Grabs $1.9 Million To Build The Definitive Marketplace For Digital Art","Born in France and now based in New York, Curioos started out as a simple Tumblr blog curating digital artists. After amassing ... But the company can count on this new influx of money to grow the team, bring more artists on board, and expand its ...","New York, New York cityNdx: 0"
"http://www.brw.com.au/p/tech-gadgets/how_instagram_led_suitmaker_patrick_pUnHGwIYsDJ3R6voCAsrHI","How Instagram led suitmaker Patrick Johnson to Singapore","Rob Blythe, a former Macquarie retail analyst and one of Johnson's business partners, says they picked New York  where P.Johnson recently opened a showroom  and Singapore after their brand got traction in those markets via the web. I thought when I&nbsp;...","New York, New York cityNdx: 0"
"http://www.brw.com.au/p/tech-gadgets/tyro_payments_is_charting_course_1ibfdzwlHQ0HG5f91r0RfL","Tyro Payments is charting a course for other startups to follow","It takes clustering and noise to change the mentality, he says. One of the reasons why London and New York are so much ahead and Sydney is a rounding error is we lack the urgency that the global financial crisis created in those markets.","New York, New York cityNdx: 0"
"http://www.brw.com.au/p/tech-gadgets/impatience_the_jobs_the_pros_and_Hp2nPomMVjKfFk5aIvbNHI","Impatience of Jobs: the pros and cons of a founder returning to the business","Mr. Dorsey, who still owns about $800 million of Twitter stock, is clearly relishing his return, although he did not directly address in an interview with The New York Times whether he wants to be Twitter's permanent leader. A founder's return can also ...","New York, New York cityNdx: 0"
"http://www.brw.com.au/p/marketing/how_to_use_data_to_improve_your_MXg7V125CDTlR09jV1me9I","How to use data to improve your culture","New York Times bestseller Brene Brown suggests stories are simply data with a soul, and that's the lens we need to apply to this all-important data sharing. Put simply, unless it can be crafted as a story then it quickly becomes redundant in an ...","New York, New York cityNdx: 0"
"http://www.brw.com.au/p/leadership/chambers_flip_failure_cisco_other_id7GQ9Us0Ak09CDxQ7i6ZN","My Flip failure and other lessons for staying ahead of tech shifts: Cisco CEO ...","I wasn't always interested in technology. After I finished school, I decided that I wanted to work in a large corporation focusing on finance and law, in either New York or Chicago. A friend of mine was at IBM and he started talking to me about a job ...","New York, New York cityNdx: 0"
"http://www.brw.com.au/p/tech-gadgets/pureprofile_plans_to_list_on_asx_hjN1l4qbeaqM10iTo6QNRL","Pureprofile plans to list on ASX","It employs 75 people globally and has offices in Sydney, New York, London and Mumbai. Pureprofile disrupts programatic advertising, says founder and chief executive Paul Chan. Consumers can get paid for their profiles and opinions in a non-intrusive&nbsp;...","New York, New York cityNdx: 0"
"http://www.brw.com.au/p/leadership/how_lego_transformed_the_life_twice_j69h2qDYWDKhf5lsMDVzzK","How Lego transformed the life of training entrepreneur Denise Meyerson, twice","Denise Meyerson looked at her son playing with Lego on the floor of her home and realised she had to get her family out of South Africa. Her seven-year-old had built a house and around the outside of it was a tall wall of blocks, with security guards ...","New York, New York cityNdx: 0"
"http://www.theaustralian.com.au/business/dataroom/proprium-wins-bid/story-fnjw8txa-1227432921292","Proprium wins bid","According to sources, the buyout fund, which has offices in New York, London and Hong Kong, has entered into exclusive due diligence for the portfolio. Morgan Stanley, which controls most of Investa via its real estate fund MSREFVI, and UBS, its ...","New York, New York cityNdx: 0"
"http://www.brw.com.au/p/leadership/vale_dave_goldberg_surveymonkey_QDLgfy30JChii3JIFXU1YL","Vale Dave Goldberg, SurveyMonkey CEO and half of Lean In power couple","Over the next decade, Goldberg and Sandberg pioneered new ways of capturing information online, had a son and then a daughter, became immensely wealthy, and hashed out their who-does-what-in-this-marriage issues. Goldberg's commute from the Bay&nbsp;...","New York, New York cityNdx: 0"
"http://www.brw.com.au/p/leadership/york_butter_factory_group_melbourne_hhIf7Wl0LgmjSH3XXnaf2H","York Butter Factory group to launch Australia's largest innovation hub in ...","Mr Richardson is hoping to raise up to $60 million for another fund this year but the York Butter Factory operates on a net neutral budget. The new hub will joins the growing ranks of technology communities, which seek to act as a bridge between ...","New York, New York cityNdx: 0"
"http://www.brw.com.au/p/business/mid-market/the_richest_database_pinchme_seen_NI27vU50hTambDoee5khMM","'The richest database I've seen': why AussieCommerce bought Jeremy Reid's PinchME","AussieCommerce began negotiations before Christmas with PinchME's now New York-based founder, Jeremy Reid, who despite still serving a two-year ASIC ban on providing financial services following the collapse of his hedge fund-of-funds Everest&nbsp;...","New York, New York cityNdx: 0"
"http://www.brw.com.au/p/business/why_warren_buffett_bought_vegemite_3XhusDYiPbHqikrZIvY6nM","Why Warren Buffett bought Kraft","Berkshire Hathaway trusts 3G implicity, said Sachin Shah, a merger arbitrage strategist at Albert Fried &amp; Company in New York. 3G knows how to run a business by increasing margins and sqeezing costs. 3G is led by Jorge Paulo Lemann, Brazil's ...","New York, New York cityNdx: 0"
"http://www.salon.com/2014/09/19/6_times_companies_put_profitability_and_pr_ahead_of_humanity/","The most egregious corporate social media gaffes","11, so it seems like this was a complete and unintentional oversight, but, as BuzzFeed points out, the poster generated controversy as the movie is set in New York City. In response .... Social Media Aggregation Platform Stackla Raises $2M. PlayClick ...","New York, New York cityNdx: 0"
"http://www.brw.com.au/p/tech-gadgets/meet_the_year_old_app_developer_LCO4JMsSfzhxHB8fLafJLN","Meet the 67-year-old app developer set to list his start-up on the ASX","Cornick says the company is pre-revenue but gaining customers, including a cleaning company in Sydney called Solutions Property Services and restaurant chain in New York. Day says the reason for a reverse takeover rather than an initial public offering&nbsp;...","New York, New York cityNdx: 0"
"http://www.brw.com.au/p/leadership/tech_tech_start_one_own_australia_ac80Od59mvheNl7fB4lm8M","A tech hub of one's own: Australia's first space for female-led tech start-ups","Having visited In Good Company, a stylish co-working space for women entrepreneurs in New York, Dr Wallace was inspired to transplant the concept to Australia. Perks for tenants at The Ventura will include a children's playroom, regular yoga and dance&nbsp;...","New York, New York cityNdx: 0"
"http://www.brw.com.au/p/tech-gadgets/what_them_look_for_who_great_worked_BLrCYPszZFnuD9Fcc8RMHO","What to look for in a great co-working space: by a guy who's worked in plenty ...","I'm a frequent traveller and for me, working from a co-working space can be the perfect environment  new people and a different environment seem to spark my creativity and help me focus on achieving my goals. I've learned that the same desk, the same&nbsp;...","New York, New York cityNdx: 0"
"http://vator.tv/news/2014-10-31-funding-roundup-week-ending-10-31-14","Funding Roundup","Social content aggregation platform Stackla raised $2 million in a round led by rampersand and other private investors. Seen, which seeks to organize the real-time Web, raised $1.25 million from Horizons Ventures and KEC Ventures, along with BoxGroup ...","New York, New York cityNdx: 0"
"http://www.marketingmagazine.co.uk/article/1350920/agile-marketing-pros-cons-adopting-start-up-mentality","Agile marketing: the pros and cons to adopting a start-up mentality","As a result, detailed plans agreed to in the year prior to execution are simply not compatible with this new approach. At Barclays, we have moved to a process whereby we make firm commitments on the tasks we will deliver for the business, whilst ...","New York, New York cityNdx: 0"
"http://www.brw.com.au/p/entrepreneurs/tough_mudder_enterprise_spend_harvard_MwUZu0TkPctNND82LCkr6H","Tough Mudder: a $70m enterprise or 'a Harvard business project to get idiots ...","More than 50 years after American President John F Kennedy told his country that its growing softness and increasing lack of fitness were a menace to US Security, the New York Marathon, the Ironman Triathlon franchise and long-range adventure&nbsp;...","New York, New York cityNdx: 0"
"http://www.smartcompany.com.au/finance/47961-liberal-mp-tony-smith-elected-speaker-jb-hi-fi-profits-jump-6-4-to-136-million.html","Liberal MP Tony Smith elected speaker; JB Hi-Fi profits jump 6.4% to $136 million","I can't do that [alone] but together we all can. The government was forced to elect a new speaker after Bronwyn Bishop stood down after a public outcry over billing taxpayers $5000 to take a helicopter from Melbourne to Geelong to attend a political ...","New York, New York cityNdx: 0"
"http://www.smartcompany.com.au/technology/online/48011-alphabet-could-spell-trouble-for-google-here-s-how-to-secure-your-digital-real-estate.html","Alphabet could spell trouble for Google: Here's how to secure your digital ...","The trademark for the word Alphabet, as well as the internet domain alphabet.com, belongs to German car manufacturer BMW, according to The New York Times. And BMW says it does not want to give them up. Google has yet to give any indication of what it&nbsp;...","New York, New York cityNdx: 0"
"http://www.brw.com.au/p/business/the_booming_watch_rental_business_kJFHmrBf5hD9GRJxTKcL2O","The booming watch rental business goes global with Eleven James","Fundamentally, the primary motive of Eleven James is that we offer a variety and service for a fraction of the price of buying a single watch, Brandoff said in a phone interview from New York. If you're someone who enjoys watch collecting, you can ...","New York, New York cityNdx: 0"
"http://www.marketing-interactive.com/carl-costa-becomes-regional-business-lead-aol-platforms/","AOL's programmatic unit appoints business lead for SEA","Costa takes on his new role with vast experience in the field of data-driven technology. Beginning his career in the UK, ... In his time in Singapore, Costa has assisted with the startups of two local businesses: the social marketing platform Stackla ...","New York, New York cityNdx: 0"
"http://www.brw.com.au/p/leadership/what_space_squeeze_eliminated_desks_BdM6RRgPAs7eGuuQPYwhXO","'What if we eliminated desks?': tales from the global office space squeeze","The shrinking is happening beyond New York. The average amount of space per office worker in North America dropped to 176 square feet in 2012, from 225 in 2010, according to CoreNet Global, a commercial real estate association. Though more recent&nbsp;...","New York, New York cityNdx: 0"
"http://www.theaustralian.com.au/business/dataroom/amaysim-seeks-300m-for-float-but-2xu-ipo-on-hold/story-fnjw8txa-1227361959741","Amaysim seeks $300m for float but 2XU IPO on hold","The company had been deliberating on whether to list in Sydney or New York, although industry sources said Australia was the more likely market. L Capital grabbed a 40 per cent slice of the business in 2013 for $80m, while Lazard Private Equity holds ...","New York, New York cityNdx: 0"
"http://www.brw.com.au/p/business/how_brw_rich_lister_brought_down_4Mx79WDbKNgB8clk8DGQpL","How a BRW Rich lister brought down Berlusconi","He built up such a large stake that when Murdoch decided he wanted to take control of the network in 1979, he took Gordon out to lunch in New York and offered him his Wollongong TV station in exchange for the Ten shareholding. Gordon had knocked back&nbsp;...","New York, New York cityNdx: 0"
"http://www.brw.com.au/p/how_airtasker_can_help_you_dump_M8are6jaPbUXt2aq7q8OiI","How Airtasker can help you dump your dead-end job","The tools he inherited from his grandfather helped open the door to a new career, working for himself as a gardener and handyman. After years of slogging away for 60-hour weeks under artificial lights, he is finally in the sunshine, doing what he loves ...","New York, New York cityNdx: 0"
"http://www.smartcompany.com.au/growth/economy/47988-china-weakens-its-currency-should-aussie-businesses-be-worried.html","China weakens currency: Should Aussie businesses be worried?","Tim Harcourt, economic professor at the University of New South Wales, says the reason devaluation has been such a shock to markets is because the renminbi has always been seen as a stable currency. I think it's a bit of a surprise and a bit of jolt ...","New York, New York cityNdx: 0"
"http://www.smartcompany.com.au/legal/47697-help-my-lawyer-went-on-holidays-and-now-i-m-in-trouble.html","Help! My lawyer went on holidays and now I'm in trouble","Now he's written it (in rather off-putting legalese language), I am wondering whether to go back to them, requiring them to scan and sign it to remain a supplier on my website, or to let them know these are the new requirements without the need to sign it?","New York, New York cityNdx: 0"
"http://www.smartcompany.com.au/marketing/47964-one-bad-policy-can-destroy-a-brand.html","One bad policy can destroy a brand","I was on the receiving end of a customer experience this week that completely and irrevocably changed the opinion I had of a particular company. And while I'm tempted to name and shame, there's a bigger lesson to be shared. Without going into specifics ...","New York, New York cityNdx: 0"
"http://www.startupsmart.com.au/growth/the-news-wrap-google-creates-new-parent-company-called-alphabet/2015081015278.html","THE NEWS WRAP: Google creates new parent company called Alphabet","The report, put together by Adobe and PageFair, finds that almost 200 million people worldwide now regularly use ad-blocking techniques, the New York Times reports. It also found that gaming, social networks and tech-related sites were most impacted by&nbsp;...","New York, New York cityNdx: 0"
"http://www.brw.com.au/p/tech-gadgets/technologies_bought_shine_google_rN14ZeJXAW1Wxo0Ago1WBJ","He bought 1% of Google for $10000 in 1996, now Alberto Chang-Rajii takes shine ...","Mr Chang-Rajii said he had previously attended presentations from teams at institutions including UCLA (University of California, Los Angeles) and Oxford University on solar energy, but nothing had been as impressive, due to the UNSW team's product ...","Los Angeles, California cityNdx: 1"
"http://www.startupsmart.com.au/growth/on-demand-laundry-startup-laundryrun-sets-up-shop-in-melbourne/2015061114899.html","On-demand laundry startup LaundryRun sets up shop in Melbourne","On-demand laundry services have been going gangbusters in the US for some time, with popular startup Washio raising $US10.5 million last year in its Series A round to expand beyond Los Angeles and San Francisco. Yesterday San Francisco-based&nbsp;...","Los Angeles, California cityNdx: 1"
"http://blogs.crikey.com.au/northern/2015/05/23/roadside-memorials-of-southern-california-father-j-j-crowley-the-desert-padre/","Roadside memorials of southern California: Father JJ Crowley, the 'desert padre'","As I've noted in previous posts, I've spent the past few weeks in southern California, taking a break from work and attending the 38th Society of Ethnobiology meeting at the University of California campus at Santa Barbara on the coast north of Los ...","Los Angeles, California cityNdx: 1"
"http://www.brw.com.au/p/leadership/stuart_marburg_costs_benefits_moving_iE158mfoYbT66Hpt42OmDL","How our costs of moving to San Francisco outweighed the benefits: MessageMedia ...","Los Angeles may have been a better place to move seeing as there are direct flights to and from Melbourne (where our Australian office is), or a large second-tier city such as San Diego, California or Portland, Oregon. While those places may not have ...","Los Angeles, California cityNdx: 1"
"http://www.examiner.com/article/twitter-updates-your-feed-with-multimedia-weeks-before-ipo","Twitter updates your feed with multimedia weeks before IPO","Twitter announced on Tuesday their most recent update will make your feed more visual and more engaging. The announcement came on their blog yesterday and pictures and videos have been effortless displayed within your timeline ever since. So many&nbsp;...","Los Angeles, California cityNdx: 1"
"http://www.brw.com.au/p/tech-gadgets/one_way_every_fund_innovation_apple_P2b9m44Qp2yl0yb1ycOPGM","One way to fund innovation: Apple unit pays 50c tax on every $1000 of income","What is truly surprising in the Apple case is its brazenness, high-profile US tax commentator Lee Sheppard told the Financial Review from Los Angeles. We're not easily shocked by transfer pricing practices that the US government accepts, for better ...","Los Angeles, California cityNdx: 1"
"http://www.brw.com.au/p/tech-gadgets/tesla_elon_musk_wants_cars_to_fly_JTXE1oN1h0UvqebWSf8HZL","Tesla's Elon Musk wants cars to fly and swim","Musk's Tesla electric car company wouldn't be the only business looking to make cars fly  which would be a convenient trick in Musk's hometown of Los Angeles, given the clogged traffic in Southern California. Terrafugia of Woburn, Massachusetts,&nbsp;...","Los Angeles, California cityNdx: 1"
"http://www.brw.com.au/p/brw-lounge/murdoch_split_rupert_and_wendi_finalise_sELsUY6hzli84HwLff7SQN","Murdoch split: Rupert and Wendi finalise divorce in New York","The press baron is expected to keep his California homes after the divorce is finalised. He has a mansion in Beverly Hills and last summer purchased the 16-acre Moraga Vineyards in the hills above Bel-Air for nearly $US29 million. The Moraga property&nbsp;...","Los Angeles, California cityNdx: 1"
"http://www.brw.com.au/p/tech-gadgets/what_tech_entrepreneurs_can_learn_XvciDWD5GiSuiQdfl7UUmL","What tech entrepreneurs can learn from the Snapchat hack","People take pictures in front of the Snapchat Inc. headquarters on the strand at Venice Beach in Los Angeles, California . ... Last week's hack occurred just days after Los Angeles-based Snapchat was warned that such a data compromise could happen.","Los Angeles, California cityNdx: 1"
"http://www.brw.com.au/p/tech-gadgets/tesla_electric_car_driven_across_SsFv6iFWzAFcFcBmR4l2YL","Tesla electric car driven across US for the first time","The duo left New York on January 20 and arrived in Los Angeles on Saturday. Jill Glenney then hopped on a plane home to Hoboken, New Jersey, while her father began a drive up the California coast. Monday, John Glenney drove from Paso Robles to&nbsp;...","Los Angeles, California cityNdx: 1"
"http://www.brw.com.au/p/tech-gadgets/app_publishers_like_astrologer_susan_gsx21NEXeroyggew3gH4KP","App publishers like astrologer Susan Miller struggle to get customers past $0.99","Astrology app provider Susan Miller hopes the stars show an end to the '$0.99 mentality' around app purchases. One of my favourite guilty pleasures is Susan Miller, a popular New York astrologer who has a cult following online. I read her horoscopes&nbsp;...","Los Angeles, California cityNdx: 1"
"http://www.brw.com.au/p/investing/the_transformative_power_of_giving_pU1xd0a5cZ1xr5QG29l79L","The transformative power of giving","... 1.25 billion. The director of development at the University of Sydney, Tim Dolan, is unfazed by such comparisons. American-born Dolan was director of leadership gifts at the University of California, Los Angeles, before taking up his role at ...","Los Angeles, California cityNdx: 1"
"http://www.brw.com.au/p/entrepreneurs/fast_starters_immigrant_entrepreneurs_fc94RF52Dz1nIk7CmBMeFN","Fast Starters: Immigrant entrepreneurs start over and win","From left: Authentic Education's Cham Tang, brandsExclusive's Daniel Jarosch, Reborn's Sabir Samtani, brandsExclusive's Rolf Weber and Tracy Angwin from Australian Payroll. Photo: Louise Kennerley. Sabir Samtani is working towards matching the scale&nbsp;...","Los Angeles, California cityNdx: 1"
"http://www.brw.com.au/p/business/google_backed_personal_genetic_testing_bftvHrx2XtdA2AAFlR4GlJ","Google-backed personal genetic testing startup suffers FDA slapdown","The move comes about two weeks after the Mountain View, California-based startup received a letter from the U.S. Food and Drug Administration. The agency warned 23andMe to stop marketing its genetic tests because the company didn't have regulatory&nbsp;...","Los Angeles, California cityNdx: 1"
"http://www.brw.com.au/p/lists/fast-100/2013/abbott_competition_better_support_woc1JE2DFpUprKwjIoTCtI","More competition, better support, faster broadband: what the Fast 100 want ...","Living between Los Angeles and Sydney, I see a massive difference in terms of support for start-ups and businesses that are disrupting industries, he says. There are very capable Australians doing things that are disrupting industries, but they are ...","Los Angeles, California cityNdx: 1"
"http://www.brw.com.au/p/professions/lego_ups_the_ante_for_an_unforgiving_0buYUxJxx18CM1WGqjEncI","Lego ups the ante for an unforgiving crowd of architects","It's just another brick in the wall for Lego, as the toy maker releases another kit in its architectural range that focuses on design  an Architectural Studio kit that permits the practice of techniques such as creating surfaces, modules and ...","Los Angeles, California cityNdx: 1"
"http://www.brw.com.au/p/entrepreneurs/why_silicon_beach_is_stupid_concept_49ajU4kxHoPowx9Of6oOkJ","Why 'Silicon Beach' is a stupid concept","California will always be a great hotspot but the world's epicentre is now the Indo-Pacific, not the north Atlantic. Australia has unprecedented connectivity with Asia. And our economic future is already entwined with ASEAN, Japan and China. As such ...","Los Angeles, California cityNdx: 1"
"http://www.brw.com.au/p/sections/emerging_companies/anyone_can_cash_in_on_internet_crowds_JZhbu6CbFARuYdc7lkX7oK","Anyone can cash in on internet crowds","Pebble Technology, based in Palo Alto, California, raised $US10.27 million via crowd-funding website Kickstarter for its Pebble watch, which works with iPhones or Android phones. Crowd-funding websites allow entrepreneurs to get their ideas in front of ...","Los Angeles, California cityNdx: 1"
"http://www.brw.com.au/p/entrepreneurs/more_coverage_seafolly_signs_first_H7L3RofrnS0fXVPodMLuZJ","More coverage: Seafolly signs first US lease and reveals expansion game plan","He has appointed a full-time US representative and signed a lease at a major mall in Santa Monica, a beachside suburb of Los Angeles. However, Seafolly's flagship US store, due to open in October, will be its only one for now. I think one of the big&nbsp;...","Los Angeles, California cityNdx: 1"
"http://www.brw.com.au/p/sections/professions/build_life_skills_first_lv3P9F0UtDZ77JrWMTgCRJ","Build life skills first","Shelley Penn doesn't come alone to an interview. She walks to the Duchess of Spotswood cafe with her eight-year-old son in tow. The boy is sick and off school. With no alternative care arrangements available, Penn, the new president of the Australian&nbsp;...","Los Angeles, California cityNdx: 1"
"http://www.startupsmart.com.au/growth/ozsale-acquires-market-competitor-buyinvite/201206046495.html","OzSale acquires market competitor Buyinvite","According to Hollenstein, who is currently in Los Angeles, Buyinvite was in discussions with OzSale for six months regarding the prospect of working together. The online space is fast-paced and competition is increasing, Hollenstein said in a statement.","Los Angeles, California cityNdx: 1"
"http://www.crikey.com.au/2009/08/14/to-whom-it-may-concern-on-being-a-hermaphrodite/","On being a hermaphrodite","Q: As a young starlet with a penchant for wacky outfits, I'm used to being tailed by the paps. But after a recent musical performance in which a generous bulge (trick of the light perhaps?) happened to emerge from under my mini dress, I was not ...","Los Angeles, California cityNdx: 1"
"http://www.mediafax.ro/life-inedit/detalii-picante-din-viata-amoroasa-a-lui-elizabeth-taylor-cum-decurgeau-escapadele-sexuale-cu-j-f-kennedy-10194513","DETALII PICANTE din viaa AMOROAS a lui Elizabeth Taylor: Cum decurgeau escapadele sexuale cu JF Kennedy","Starul cinematografiei americane Elizabeth Taylor ar fi avut relaii intime cu preedintele John F. Kennedy i cu actorul Robert Stack, pe cnd aceasta era adolescent, se arat n cea mai recent biografie neautorizat a actriei.","Los Angeles, California cityNdx: 1"
"http://fr.pokerworks.com/actualites-sur-le-poker/2010/11/22/spanish-poker-tour-resultats-grande-finale-lloret-de-mar-claire-renaut-2010-11-22.html","Claire Renaut termine  la 2eme place de la Grande Finale du Spanish Poker Tour 2010","Short stack, la joueuse reviendra dans la course aprs avoir gagn un 40/60 qui lui permettait d'liminer son compatriote Ismael Hassani en 5eme position en trouvant un brelan avec KJ contre A6. Entre temps, Ruben Valesco tait limin en 6eme position&nbsp;...","Los Angeles, California cityNdx: 1"
"http://www.brw.com.au/p/leadership/valley_chicago_web_engineer_left_JTixA9sShIeJnHTY1dGcrK","Why a Chicago web engineer left Playboy for an Aussie company in Silicon Valley","Originally from Chicago, Matthew graduated from the University of Illinois at Urbana-Champaign with a bachelor's degree in engineering, general engineering, and computer science. He has been a computer engineer for almost two decades in a wide range&nbsp;...","Chicago, Illinois cityNdx: 2"
"http://techcrunch.com/2012/01/23/powervoice-launches-new-social-media-marketing-platform-pays-users-to-post-ads-on-twitter-facebook/","PowerVoice Launches New Social Media Marketing Platform, Pays Users To Post ...","PowerVoice, a new social media marketing company founded by former federal consultant at IBM Ryan Landau and ex-Googler (and brother) Andrew Landau, is launching today. The service compensates users for sharing brands' messages on social&nbsp;...","Chicago, Illinois cityNdx: 2"
"http://www.brw.com.au/p/leadership/slice_of_the_action_workers_make_OnnbPlj1N23ZGDTrxhBbDI","A slice of the action: Workers make top bosses","I didn't know what the company did, he admits now. Nevertheless, the company he joined took hold of him, moulded him in its spirit and kept him in its thrall for almost 36 years. Arup inspires that kind of loyalty in many of its people. The company ...","Chicago, Illinois cityNdx: 2"
"http://www.salon.com/2014/07/23/move_over_fomo_heres_your_new_social_media_anxiety/","Move over FOMO, here's your new social media anxiety","Attention, social media users. Do you suffer from the vague sense that, as Mindy Kaling would put it, everyone is hanging out without you? Do you assume that if a friend hasn't posted a Facebook status in three or more days, she's probably dead? Are ...","Houston, Texas cityNdx: 3"
"http://www.salon.com/2014/02/17/using_social_media_to_build_a_better_world_a_culture_of_amplification/","Using social media to build a better world: A culture of amplification","Who do you see represented in the world? Who gets written about? Whose stories get told? You satisfied with that? Or do you want to see something different? Then let's start by telling different stories ourselves. Earlier this month, Anil Dash wrote a&nbsp;...","Houston, Texas cityNdx: 3"
"http://www.brw.com.au/p/business/how_amazon_is_changing_global_retail_5tqdDQ42Vg3q1eNGWVwXCN","How Amazon is changing global retail  and other industries","Her marriage to his father was short-lived, but when Bezos was four, she remarried and the family moved to Houston, Texas. Bezos's stepfather, an engineer for Exxon Mobil, legally adopted him. Later, Bezos went to Princeton to study physics, although ...","Houston, Texas cityNdx: 3"
"http://www.brw.com.au/p/entrepreneurs/advance_selects_aussie_start_ups_tV8hSgC4Yc15V8ePIowoDK","Silicon Valley debut for Aussie start-ups","Future gazing: the prospects of two dozen innovators have been given a giant boost. Photo iStockphoto. Two dozen Australian start-ups have been selected to receive mentoring, and pitch to venture capitalists and angel investors in Silicon Valley, as ...","Houston, Texas cityNdx: 3"
"http://www.brw.com.au/p/sections/fyi/how_clean_is_your_hotel_room_APXZsU1uQjlCxMreNeaK2O?hl","How clean is your hotel room?","Currently, housekeepers clean 14-16 rooms per 8-hour shift, spending approximately 30 minutes on each room, University of Houston student Katie Kirsch said. Identifying high-risk items within a hotel room would allow housekeeping managers to&nbsp;...","Houston, Texas cityNdx: 3"
"http://blogs.crikey.com.au/back-in-a-bit/2011/07/28/swimming-across-texas/","Swimming across Texas","The second day we barrelled across east Texas towards Austin, the only destination we actually had in this enormous state, choosing a route carefully to avoid both freeway-mad Houston to the south and the prison-riddled Huntersville to the north, and ...","Houston, Texas cityNdx: 3"
"http://blogs.crikey.com.au/planetalking/2010/06/24/the-long-and-heavy-of-the-787-8/","The long and heavy of the 787-8","There is something odd about two airlines who were originally both going to be early users of the 787-8 Dreamliner saying markedly different things about its performance. Last month Continental said it would launch non-stop flights between Houston and&nbsp;...","Houston, Texas cityNdx: 3"
"http://www.brw.com.au/p/leadership/dual_career_couples_tips_to_help_uHqzU2KIanAFFYs1HBG4xO","Dual-career couples: 3 tips to help them endure","The experience of ThirdPath Institute, a Philadelphia think tank that works with dual-career couples, shows that it is. Over the past 14 years, founder and president Jessica DeGroot has learned a great deal about how these couples can create and ...","Philadelphia, Pennsylvania cityNdx: 4"
"http://www.salon.com/2014/03/18/tweets_from_underground_how_dostoevsky_anticipated_social_media_partner/","Tweets from underground: How Dostoevsky anticipated social media","The American Reader In the opening chapters of The Double, Dostoevsky's 1846 novella of social anxiety, Yakov Petrovich Golyadkin crashes his boss's party. Walking nervously through two rows of inquisitive and wondering spectators, our hero finds&nbsp;...","Philadelphia, Pennsylvania cityNdx: 4"
"http://mobilemarketingmagazine.com/masterclassing-2015-schedule-london-singapore-dubai-barcelona","2015 Masterclassing Schedule Unveiled","In North America, there will be 43 events held throughout the year, in 10 cities  New York, Washington, Chicago, Toronto, Los Angeles, Miami, Atlanta, Minneapolis, Seattle and Philadelphia. You can view the full schedule for the North America events here.","Philadelphia, Pennsylvania cityNdx: 4"
"http://www.smartcompany.com.au/marketing/44919-is-it-worth-advertising-on-instagram-businesses-spill-the-beans.html","Is it worth advertising on Instagram? Businesses spill the beans","The program started in Australia in October and involved 10 businesses including McDonald's, Ben &amp; Jerry's, Tourism Queensland, Vegemite, Toyota, Flight Centre, Audi, and Philadelphia Cream Cheese. While the businesses were enthusiastic about signing&nbsp;...","Philadelphia, Pennsylvania cityNdx: 4"
"http://www.brw.com.au/p/leadership/cultural_trucking_company_losing_2BHxXkZJMQDQV6SGhxH0GN","The 'trucking company' losing parishioners by the truckload: learn from the 4 ...","Former Archbishop of Sydney, Cardinal George Pell, speaks at a mass of thanksgiving for his service as Archbishop, at St Marys Cathedral, Sydney on March 27 2014. I don't know whether you shared the same response as I did when I read this article&nbsp;...","Philadelphia, Pennsylvania cityNdx: 4"
"http://www.brw.com.au/p/marketing/meet_the_mobile_technology_start_ee7EqasuHl8vYywtWgIMsI","Meet the mobile technology start-ups partnering with Kraft","We saw people that might have been on their second or third phase of their careers. The five local start-ups were selected by Australian brand teams from 60 applications across Cadbury Dairy Milk, Philadelphia, belVita breakfast biscuits, Cadbury ...","Philadelphia, Pennsylvania cityNdx: 4"
"http://www.brw.com.au/p/business/mid-market/mid_market_case_study_creative_instore_Brs5rkNvgKe5r1vI1AdCkJ","Mid-market case study: Creative Instore Solutions revs up with plans for US","CIS will use the PepsiCo preferred supplier status as a lever to build sales in the US, and has recently opened an office in Philadelphia. The US is a tough market to crack, but Hubball says his company's competitive advantage are its ideas, and its&nbsp;...","Philadelphia, Pennsylvania cityNdx: 4"
"http://www.startupsmart.com.au/growth/how-the-mondelez-mobile-futures-program-is-creating-opportunities-for-startups-and-corporates/2014080712938.html","How the Mondelez Mobile Futures program is creating opportunities for startups ...","The Mondelez Mobile Futures program sees a number of startups work closely with Mondelez brands like Cadbury Dairy Milk and Philadelphia Cream Cheese to come up with mobile solutions for problems facing those brands. Six startups were chosen&nbsp;...","Philadelphia, Pennsylvania cityNdx: 4"
"http://www.brw.com.au/p/business/is_graham_turner_australia_most_WRA5VKHXYQxcDmw4PHO5QJ","Is Graham Turner Australia's most entrepreneurial CEO?","Liberty travel centres are set to open in Houston, San Diego and Philadelphia this year and, once suitable sites are found, in Boston, Chicago and Dallas. All up, Turner wants to enter 14 cities across the US and expects to expand in both the leisure ...","Philadelphia, Pennsylvania cityNdx: 4"
"http://www.brw.com.au/p/leadership/academic_there_arena_that_business_qGWjIXWZ5ePea7gxGP6G6L","Been there, done that: Business world experience perfect for move into ...","Associate professor of management at University of Technology Sydney (UTS) Business School, James Hutchin, had been in the insurance industry for 20 years when he joined Fox School of Business in Philadelphia in the United States in 2000. Hutchin&nbsp;...","Philadelphia, Pennsylvania cityNdx: 4"
"http://www.dailytelegraph.com.au/news/nsw/forthebush-a-bumper-chance-to-lend-a-hand-to-our-farmers-free-with-todays-telegraph/story-fni0cx12-1226833255004","#forthebush: A bumper chance to lend a hand to our farmers, free with today's ...","NOW you can wear your heart on your bumper bar. In a show of support for our farmers doing it tough in the Outback, The Daily Telegraph is today giving away a free car sticker with every edition sold. After months of drought, some of the hardest ...","Philadelphia, Pennsylvania cityNdx: 4"
"http://blogs.crikey.com.au/whitenoise/2010/12/03/tv-diary-friday-3-december-2011/","On The Box","three-amigos-web FRI: Elf (Channel 9, 7:30pm), Flying High (Ch 10, 8:30pm), Stones in Exile (ABC2, 8:30pm), Ladies &amp; Gentlemen: The Rolling Stones (ABC2, 9:30pm), The Three Amigos! (Go!, 9:30pm), The Naked Gun (Ch 10, 10:15pm), The Wu Tang Clan:&nbsp;...","Philadelphia, Pennsylvania cityNdx: 4"
"http://blogs.crikey.com.au/northern/2013/05/10/hat-hunting-in-arizona/","Hat-hunting in Arizona","I'd spent a couple hours earlier in the week at the massive Sheplers store at Mesa in Phoenix (one of several in that city and many across the south but they mainly stocked cowboy-style hats, none of which appealed. But if you are up for a pair of ...","Phoenix, Arizona cityNdx: 5"
"http://blogs.crikey.com.au/cinetology/2010/08/11/poster-watch-yogi-bear/","Poster Watch: Yogi Bear","yogi-bear-poster Now I don't want to lower the highfalutin tone I've taken great pains to refine here at Cinetology  over the last week alone there has been nary a poo or fart joke, not a single one  but this nugget of amusement simply needs to be ...","Phoenix, Arizona cityNdx: 5"
"http://www.poker.it/news/2014-09/larisa-hulpea-le-isop-dex-andrea-benelli-3-300920145281","A Larisa Hulpea le ISOP DEX, Andrea Benelli 3","La settima posizione  andata poi a Olsi Lala eliminato da Antonio Scalzi, in un contesto dove Andrea Benelli continuava ad accumulare chips e sembrava sempre pi vicino ad essere lui il campione. Infatti il 6 classificato, Daniel Piccione, veniva ...","San Antonio, Texas cityNdx: 6"
"http://cultura.elpais.com/cultura/2014/06/10/babelia/1402409983_305279.html","El unicornio roto","Aqu recuerda a un joven galn del Hollywood de la poca, en la lnea de Robert Stack. La maravillosa escena de los dos en la alfombra, casi en penumbra, descubriendo lo que pudo haber sido y no fue, tiene la belleza, el perfume y la melancola de un&nbsp;...","San Antonio, Texas cityNdx: 6"
"http://www.ocvarsity.com/articles/christian-79469-valley-team.html","2015 All-league baseball teams","First team: Brett Super, Sage Hill, So.; Conner Bock, Sage Hill, Jr.; Parker Reposa, Sage Hill, Sr.; Kellen Ochi, Sage Hill, Sr.; Chris Cooper, Crean Lutheran, Sr.; Paul Sardo, Crean Lutheran, Sr.; John Swenson, Crean Lutheran, Sr.; Ryan Lindner ...","San Diego, California cityNdx: 7"
"http://www.brw.com.au/p/leadership/and_company_hasn_laid_off_anybody_AWFNF1vUEmxgqSC4oFJPIL","My company hasn't laid off anybody for 15 years: here's how and why","Who knows? If enough nonprofits master this balancing act, then maybe we can teach the for-profit world something for a change. (Chris Van Gorder is the CEO of Scripps Health, a nonprofit system of five hospitals and 25 outpatient clinics based in San ...","San Diego, California cityNdx: 7"
"http://www.brw.com.au/p/leadership/the_most_democratic_workplaces_in_pgo7BZkei9wpDfjYFhCyXO","The 41 most democratic workplaces in the world","... open seats at board meetings so any employee can join in, no fixed working hours and voting on whether the company will do business with clients when employees have ethical concerns. At San Diego-based call centre company, Productivity Associates,&nbsp;...","San Diego, California cityNdx: 7"
"http://www.brw.com.au/p/leadership/myths_about_your_millenial_staff_6lCJzgrpyFDRdFDEhD8ZeP","3 myths about your millenial staff, busted.","That's what Jean Twenge, a professor of psychology at San Diego State University and the author of Generation Me, and her fellow researchers did. They used a time-lag research method that compares people of the same age at different points in time.","San Diego, California cityNdx: 7"
"http://www.brw.com.au/p/tech-gadgets/bizarro_version_valley_silicon_reality_zw2sKw0F6cdpELHLBjmGzH","'A bizarro version of my reality': Elon Musk and other geeks say Silicon ...","After graduating from UC San Diego as a physics major, he programmed electronic test systems for the F-18 fighter jet for a military subcontractor before moving with his girlfriend to Sunnyvale, Calif., in 1987. He eventually made his dystopian ...","San Diego, California cityNdx: 7"
"http://www.brw.com.au/p/entrepreneurs/everything_ways_jeff_bezos_store_YDBA8tgO17hLi1vaLx5PsJ","The 21 ways Jeff Bezos is transforming Amazon from 'The Everything Store' to ...","Their salaries ranged from $US81,840 ($87,259) for Bezos to $US175,000 for senior vice-president Diego Piacentini, who runs Amazon's international operations. Bezos also received $US1.6 million in security arrangements and Piacentini was paid $US55&nbsp;...","San Diego, California cityNdx: 7"
"http://www.brw.com.au/p/professions/demand_for_arenas_to_feed_asia_mtv_aYnMkwIPGbSK0JchxE1iNO","Demand for arenas to feed Asia's MTV generation","Asia's increasing wealth makes its population of youth, raised on a diet of MTV, a ripe target for visiting foreign entertainment acts. The problem is a lack of suitable venues, says the architect behind a 50,000-seat stadium in Manila. They really ...","San Diego, California cityNdx: 7"
"http://www.brw.com.au/p/leadership/leadership_masterclass_things_you_xc3gXPRUPlLGooEt2nq1EJ","Leadership masterclass: 10 things you need to know to be a better leader","Telstra director Steve Vamos discovered that sometimes, having expertise in an industry can distract leaders from getting the best out of their people. Photo: Rob Homer. Today's leaders were schooled for a different era. One where the pace was slower.","San Diego, California cityNdx: 7"
"http://www.smartcompany.com.au/growth/41822-tech-company-altium-joins-the-offshore-withdrawal.html","Tech company Altium joins the offshore withdrawal","Altium announced overnight its plans to move its operations to San Diego, California in an effort to make it more accessible to its customers and partners. This move to the US will not only allow Altium to be closer to customers in key markets ...","San Diego, California cityNdx: 7"
"http://mobilemarketingmagazine.com/qualcomm-banks-223bn-profit-494bn-revenues/","Qualcomm Banks $2.23bn Profit on $4.94bn in Revenues","The San Diego-based company shipped 152m MSM (Mobile Station Modern) chips during the quarter, representing a 29 per cent increase from the year prior and a 3 per cent from last quarter. During the quarter Qualcomm estimates anywhere from 239 to&nbsp;...","San Diego, California cityNdx: 7"
"http://www.brw.com.au/p/tech-gadgets/the_customer_comes_first_why_crm_CwATHNJjCc3UPf1cIoaN5I","The customer comes first: Why 'CRM' now seems out of place","An ever-increasing number of businesses are reinventing the way they interact with customers by leveraging the investment they have made in marketing technology software. The proliferation of social media and advances in ad tech and big data ...","San Diego, California cityNdx: 7"
"http://www.brw.com.au/p/entrepreneurs/gelatissimo_brothers_taste_sweet_VbN10jzNOUDOOmAgw8slyL","Gelatissimo brothers taste sweet success","Finding the right franchisee is crucial and the brothers Domenico (left) and Marco Lopresti go through an extensive vetting process, including psychometric testing. Photo: Rob Homer. Australian franchise Gelatissimo has opened its seventh gelateria in ...","San Diego, California cityNdx: 7"
"http://blogs.crikey.com.au/planetalking/2013/10/10/collision-prevention-system-failed-on-qantas-a330-in-near-hit/","Collision prevention system failed on Qantas A330 in 'near hit'","However in a detailed and illustrated update on its inquiry the ATSB makes it clear that this was not of itself the cause of the incident and that the full functionality of the TCAS system on the Qantas jet flying in the opposite direction and other ...","San Diego, California cityNdx: 7"
"http://elpais.com/elpais/2014/10/28/ciencia/1414513480_785507.html","Aviso: escuchar esta cancin podra matarte","En realidad, segn subraya Stack, la supuesta asociacin de ciertas obras con el suicidio no es algo nuevo. En una revisin publicada en 2012 en la revista ... gran fbrica de rumores. Un artculo afirma que una versin dulcificada de la cancin, a la ...","San Diego, California cityNdx: 7"
"http://www.brw.com.au/p/tech-gadgets/meet_aussie_start_ups_riding_the_xK9otAgA8oQSobrv57cBeP","Meet 10 Aussie start-ups riding the boom in wearable technology","Spurred on by consumer appetite for sports, health and wellbeing services, Australian start-ups are riding a wave of excitement in wearable technologies that promise to be the next great mobile evolution. It's no coincidence the AFL is the world's most&nbsp;...","Dallas, Texas cityNdx: 8"
"http://www.brw.com.au/p/tech-gadgets/catapault_sports_series_google_analytics_o9PQwXU9fINahIsJdt5S2H","Catapult Sports is 'Google analytics for athletes': wearable technology start ...","Think of Catapult Sports as a start-up a decade in the making because the pioneer of wearable analytics devices for professional sports is reimagining itself as a global, mainstream brand. With recent high-profile investors onboard, the company that ...","Dallas, Texas cityNdx: 8"
"http://www.brw.com.au/p/business/mid-market/end_of_uncertainty_pronto_picks_C7EimlzaHxutniopi4KNAP","End of uncertainty: Pronto picks a post-election win","In the past year, Pronto has opened three new branches in Perth, Adelaide and Dallas, Texas in the United States. It has also doubled the floor space of its research and development centre in Melbourne and launched a new R&amp;D group in Sri Lanka focused&nbsp;...","Dallas, Texas cityNdx: 8"
"http://www.brw.com.au/p/sections/fyi/take_peek_into_the_future_of_retail_ige7knWS62DD5szLpWLEsJ","Take a peek into the future of retail","To take a peek into the future of retail, you could take a flight to Dallas, Texas. That's where JCPenney has opened its remodeled prototype department store, the creation of the retailers' new chief executive Ron Johnson  the former head of Apple's ...","Dallas, Texas cityNdx: 8"
"http://www.brw.com.au/p/tech-gadgets/inside_amazon_robot_human_experiment_0tgLj4mR0MtFuxkT54k4hP","Inside Amazon's robot-human experiment","Fetch Robotics, based in San Jose, California, is developing a robot designed to retrieve products from shelves in a warehouse that was not designed for robots. Amazon's robots may indeed be just the first of many more collaborative robots. I think ...","San Jose, California cityNdx: 9"
"http://www.brw.com.au/p/tech-gadgets/health_tech_investments_hot_google_rmnzJtlpGFGq60NGPzJ1sO","Health tech is hot: Google, Apple lead record six months for investments","IBM has studied public health data at its San Jose research lab. Now, major tech ... on that, too. Mountain View, California, startup TrueVault makes software that helps app developers meet privacy and security standards required by federal health law.","San Jose, California cityNdx: 9"
"http://www.brw.com.au/p/brw-lounge/bitcoin_buyers_fashionable_bitfash_BSdOJrl3KlXUdg0kn5AusN","Bitcoin gets fashionable: Bitfash wants to connect labels like Zara to Bitcoin ...","But this week Bitfash has a zero transaction fee sale in the leadup to the annual bitcoin conference being held on May 17 in San Jose, California. Bitfash co-founder Keyur Kelkar says their idea sprung from the problem that there are a lot of people ...","San Jose, California cityNdx: 9"
"http://www.brw.com.au/p/sections/fyi/apple_confirms_october_event_is_Msjk7Nj0FOynLqHMaCJYFJ","Apple confirms October 23 event. Is it the iPad mini?","Declares CNN: One of the worst-kept secrets in tech has been confirmed: Apple will hold an event on October 23 in San Jose, California, at which the company is widely expect to unveil a smaller, cheaper version of its popular iPad. The release of the&nbsp;...","San Jose, California cityNdx: 9"